종목코드,종목명,시장구분,업종명,종가,대비,등락률,시가총액
"095570","AJ네트웍스","KOSPI","일반서비스","3830","0","0.00","173318066970"
"006840","AK홀딩스","KOSPI","기타금융","10350","-140","-1.33","137112256350"
"027410","BGF","KOSPI","기타금융","3460","15","0.44","331180096860"
"282330","BGF리테일","KOSPI","유통","112800","2700","2.45","1949624596800"
"138930","BNK금융지주","KOSPI","기타금융","10830","-170","-1.55","3448093510770"
"001460","BYC","KOSPI","섬유·의류","26900","-50","-0.19","168021435000"
"001465","BYC우","KOSPI","섬유·의류","12600","100","0.80","27138510000"
"001040","CJ","KOSPI","기타금융","128100","1600","1.26","3737573443800"
"079160","CJ CGV","KOSPI","오락·문화","4820","-5","-0.10","798096872480"
"00104K","CJ4우(전환)","KOSPI","기타금융","98800","1800","1.86","417579385600"
"000120","CJ대한통운","KOSPI","운송·창고","87400","-400","-0.46","1993798865600"
"011150","CJ씨푸드","KOSPI","음식료·담배","3210","15","0.47","115337781330"
"011155","CJ씨푸드1우","KOSPI","음식료·담배","16000","-820","-4.88","3200000000"
"001045","CJ우","KOSPI","기타금융","66900","-100","-0.15","151208918700"
"097950","CJ제일제당","KOSPI","음식료·담배","268500","3000","1.13","4042048941000"
"097955","CJ제일제당 우","KOSPI","음식료·담배","137100","-400","-0.29","181991064300"
"000480","CR홀딩스","KOSPI","비금속","5250","-50","-0.94","246175072500"
"000590","CS홀딩스","KOSPI","기타금융","71300","-600","-0.83","82314566600"
"012030","DB","KOSPI","IT 서비스","1379","23","1.70","277418853607"
"016610","DB금융투자","KOSPI","증권","5900","-30","-0.51","250433695100"
"005830","DB손해보험","KOSPI","보험","97700","200","0.21","6917160000000"
"000990","DB하이텍","KOSPI","전기·전자","49000","1250","2.62","2175530812000"
"139130","DGB금융지주","KOSPI","기타금융","9010","-110","-1.21","1499199425330"
"000300","DH오토넥스","KOSPI","전기·전자","1984","0","0.00","161600154944"
"001530","DI동일","KOSPI","유통","45050","350","0.78","872655395950"
"000210","DL","KOSPI","화학","33750","-1400","-3.98","707261085000"
"000215","DL우","KOSPI","화학","19770","340","1.75","33334493550"
"375500","DL이앤씨","KOSPI","건설","42050","50","0.12","1627066847150"
"37550L","DL이앤씨2우(전환)","KOSPI","건설","26200","-200","-0.76","55333116200"
"37550K","DL이앤씨우","KOSPI","건설","17380","-60","-0.34","36739321300"
"007340","DN오토모티브","KOSPI","전기·전자","21450","100","0.47","1255058054250"
"004840","DRB동일","KOSPI","화학","4140","15","0.36","82510200000"
"155660","DSR","KOSPI","금속","3790","-90","-2.32","60640000000"
"069730","DSR제강","KOSPI","금속","3455","-60","-1.71","49752000000"
"017860","DS단석","KOSPI","화학","25000","-300","-1.19","439605300000"
"017940","E1","KOSPI","유통","62500","-900","-1.42","428750000000"
"365550","ESR켄달스퀘어리츠","KOSPI","부동산","5040","60","1.20","1073968560000"
"383220","F&F","KOSPI","섬유·의류","66600","100","0.15","2551251195000"
"007700","F&F홀딩스","KOSPI","기타금융","12500","-80","-0.64","488929587500"
"114090","GKL","KOSPI","오락·문화","10740","40","0.37","664329895800"
"078930","GS","KOSPI","기타금융","37450","300","0.81","3479680906100"
"006360","GS건설","KOSPI","건설","17580","90","0.51","1504522594200"
"001250","GS글로벌","KOSPI","유통","2935","350","13.54","242236597340"
"007070","GS리테일","KOSPI","유통","15140","490","3.34","1265816263100"
"078935","GS우","KOSPI","기타금융","36400","50","0.14","64967666400"
"499790","GS피앤엘","KOSPI","기타금융","18760","-800","-4.09","372026577160"
"012630","HDC","KOSPI","기타금융","14490","410","2.91","865657537290"
"039570","HDC랩스","KOSPI","건설","8370","-100","-1.18","217265120370"
"089470","HDC현대EP","KOSPI","화학","3650","-5","-0.14","116435000000"
"294870","HDC현대산업개발","KOSPI","건설","19380","180","0.94","1277284055400"
"009540","HD한국조선해양","KOSPI","기타금융","213500","4000","1.91","15110060266000"
"267250","HD현대","KOSPI","기타금융","76200","800","1.06","6019273077000"
"267270","HD현대건설기계","KOSPI","기계·장비","70300","100","0.14","1286882695800"
"443060","HD현대마린솔루션","KOSPI","일반서비스","142700","-600","-0.42","6397128267000"
"071970","HD현대마린엔진","KOSPI","기계·장비","28750","1300","4.74","975242981250"
"010620","HD현대미포","KOSPI","운송장비·부품","106800","1600","1.52","4265821513200"
"322000","HD현대에너지솔루션","KOSPI","전기·전자","24550","-550","-2.19","274960000000"
"042670","HD현대인프라코어","KOSPI","기계·장비","9450","-40","-0.42","1820597943150"
"267260","HD현대일렉트릭","KOSPI","전기·전자","329500","-21000","-5.99","11877530982500"
"329180","HD현대중공업","KOSPI","운송장비·부품","299500","-500","-0.17","26587548242000"
"097230","HJ중공업","KOSPI","건설","7200","-40","-0.55","599574823200"
"014790","HL D&I","KOSPI","건설","2235","-30","-1.32","84613973235"
"003580","HLB글로벌","KOSPI","유통","2965","-655","-18.09","148896728765"
"204320","HL만도","KOSPI","운송장비·부품","40300","-700","-1.71","1892371936000"
"060980","HL홀딩스","KOSPI","기타금융","38250","600","1.59","359698295250"
"011200","HMM","KOSPI","운송·창고","19840","-210","-1.05","17479823600640"
"035000","HS애드","KOSPI","일반서비스","6640","0","0.00","110007595760"
"002460","HS화성","KOSPI","건설","9540","-120","-1.24","96831000000"
"487570","HS효성","KOSPI","기타금융","32250","-1450","-4.30","120161145750"
"298050","HS효성첨단소재","KOSPI","화학","191500","5000","2.68","857910042000"
"003560","IHQ","KOSPI","오락·문화","10760","0","0.00","64669472240"
"175330","JB금융지주","KOSPI","기타금융","17820","440","2.53","3455440061040"
"234080","JW생명과학","KOSPI","제약","11350","50","0.44","179722187900"
"001060","JW중외제약","KOSPI","제약","21900","0","0.00","509961867000"
"001067","JW중외제약2우B","KOSPI","제약","60900","400","0.66","12787355700"
"001065","JW중외제약우","KOSPI","제약","28250","100","0.36","9660115750"
"096760","JW홀딩스","KOSPI","기타금융","3015","0","0.00","222883700130"
"105560","KB금융","KOSPI","기타금융","81300","-1000","-1.22","31993860789900"
"415640","KB발해인프라","KOSPI","기타금융","7550","0","0.00","925218887400"
"432320","KB스타리츠","KOSPI","부동산","3855","0","0.00","390952068675"
"002380","KCC","KOSPI","화학","274500","500","0.18","2439336289500"
"344820","KCC글라스","KOSPI","비금속","31750","-500","-1.55","507063756000"
"009070","KCTC","KOSPI","운송·창고","3730","5","0.13","111900000000"
"009440","KC그린홀딩스","KOSPI","기타금융","756","0","0.00","17568790596"
"119650","KC코트렐","KOSPI","기계·장비","459","0","0.00","29474377011"
"092220","KEC","KOSPI","전기·전자","800","-9","-1.11","160610512800"
"003620","KG모빌리티","KOSPI","운송장비·부품","3785","-115","-2.95","743390101390"
"016380","KG스틸","KOSPI","금속","6530","-210","-3.12","653058097410"
"001390","KG케미칼","KOSPI","화학","3800","-70","-1.81","260182352000"
"033180","KH 필룩스","KOSPI","전기·전자","6630","0","0.00","128260035150"
"015590","KIB플러그에너지","KOSPI","기계·장비","515","0","0.00","122045495160"
"001940","KISCO홀딩스","KOSPI","금속","19740","30","0.15","279841741200"
"025000","KPX케미칼","KOSPI","화학","44150","-50","-0.11","213686000000"
"092230","KPX홀딩스","KOSPI","화학","56400","500","0.89","238270034400"
"000040","KR모터스","KOSPI","운송장비·부품","390","-16","-3.94","23451818520"
"044450","KSS해운","KOSPI","운송·창고","8560","-30","-0.35","197615132800"
"030200","KT","KOSPI","통신","49750","-950","-1.87","12538078828750"
"033780","KT&G","KOSPI","음식료·담배","100600","-1500","-1.47","12279487198200"
"058850","KTcs","KOSPI","IT 서비스","2625","-10","-0.38","112048125000"
"058860","KTis","KOSPI","IT 서비스","2550","5","0.20","88745100000"
"093050","LF","KOSPI","섬유·의류","15500","40","0.26","453220000000"
"003550","LG","KOSPI","기타금융","69700","-300","-0.43","10963879212100"
"034220","LG디스플레이","KOSPI","전기·전자","9360","130","1.41","4680000000000"
"051900","LG생활건강","KOSPI","화학","326500","2000","0.62","5099341320500"
"051905","LG생활건강우","KOSPI","화학","128200","2700","2.15","269181155400"
"064400","LG씨엔에스","KOSPI","IT 서비스","52200","-200","-0.38","5057446485600"
"373220","LG에너지솔루션","KOSPI","전기·전자","329000","-5500","-1.64","76986000000000"
"003555","LG우","KOSPI","기타금융","57200","-300","-0.52","172836664000"
"032640","LG유플러스","KOSPI","통신","10750","-70","-0.65","4693572130750"
"011070","LG이노텍","KOSPI","전기·전자","163200","1600","0.99","3862471862400"
"066570","LG전자","KOSPI","전기·전자","83400","600","0.72","13648227687600"
"066575","LG전자우","KOSPI","전기·전자","39950","500","1.27","686580380400"
"037560","LG헬로비전","KOSPI","오락·문화","2355","10","0.43","182387367075"
"051910","LG화학","KOSPI","화학","261500","4500","1.75","18459897694500"
"051915","LG화학우","KOSPI","화학","124900","3500","2.88","960331120000"
"079550","LIG넥스원","KOSPI","금속","269000","-1500","-0.55","5918000000000"
"006260","LS","KOSPI","기타금융","116500","-6800","-5.52","3751300000000"
"010120","LS ELECTRIC","KOSPI","전기·전자","195100","-8400","-4.13","5853000000000"
"000680","LS네트웍스","KOSPI","유통","3935","-75","-1.87","310089867960"
"229640","LS에코에너지","KOSPI","기타금융","35050","0","0.00","1073402008950"
"108320","LX세미콘","KOSPI","전기·전자","58600","400","0.69","953087980000"
"001120","LX인터내셔널","KOSPI","유통","25800","-150","-0.58","1000008000000"
"108670","LX하우시스","KOSPI","화학","30000","-700","-2.28","269030100000"
"108675","LX하우시스우","KOSPI","화학","18050","-40","-0.22","18633556500"
"383800","LX홀딩스","KOSPI","기타금융","6600","-20","-0.30","503452554000"
"38380K","LX홀딩스1우","KOSPI","기타금융","7740","-230","-2.89","11341305900"
"023150","MH에탄올","KOSPI","음식료·담배","5070","-20","-0.39","37409126820"
"035420","NAVER","KOSPI","IT 서비스","209500","1500","0.72","33192553176000"
"181710","NHN","KOSPI","IT 서비스","18390","0","0.00","620959001970"
"400760","NH올원리츠","KOSPI","부동산","3555","-5","-0.14","155594841840"
"005940","NH투자증권","KOSPI","증권","14850","-190","-1.26","4863260640150"
"005945","NH투자증권우","KOSPI","증권","13290","-10","-0.08","250795164720"
"338100","NH프라임리츠","KOSPI","부동산","4440","-30","-0.67","82850400000"
"034310","NICE","KOSPI","일반서비스","11480","-70","-0.61","426234514160"
"030190","NICE평가정보","KOSPI","IT 서비스","12380","230","1.89","736691621340"
"008260","NI스틸","KOSPI","금속","3440","-35","-1.01","98384402480"
"004250","NPC","KOSPI","화학","3925","-40","-1.01","144126000000"
"004255","NPC우","KOSPI","화학","2420","15","0.62","12777600000"
"456040","OCI","KOSPI","화학","58300","-1900","-3.16","521930458500"
"010060","OCI홀딩스","KOSPI","기타금융","76200","-3400","-4.27","1433696675400"
"178920","PI첨단소재","KOSPI","화학","18000","-230","-1.26","528593796000"
"005490","POSCO홀딩스","KOSPI","금속","326000","-6000","-1.81","26935546902000"
"010950","S-Oil","KOSPI","화학","58000","-300","-0.51","6529801936000"
"010955","S-Oil우","KOSPI","화학","38150","0","0.00","153436515050"
"034120","SBS","KOSPI","오락·문화","19280","-210","-1.08","357667868640"
"005090","SGC에너지","KOSPI","전기·가스","22700","-250","-1.09","327091859100"
"001380","SG글로벌","KOSPI","운송장비·부품","3285","-120","-3.52","147707209755"
"004060","SG세계물산","KOSPI","유통","315","-4","-1.25","63763862400"
"001770","SHD","KOSPI","금속","14900","-70","-0.47","18101682200"
"002360","SH에너지화학","KOSPI","화학","459","-2","-0.43","51010382070"
"009160","SIMPAC","KOSPI","금속","3950","-45","-1.13","258446588200"
"033530","SJG세종","KOSPI","운송장비·부품","4230","5","0.12","117682665030"
"123700","SJM","KOSPI","운송장비·부품","2985","20","0.67","46580620530"
"025530","SJM홀딩스","KOSPI","유통","3155","10","0.32","47116795240"
"034730","SK","KOSPI","기타금융","138900","300","0.22","10070625446700"
"011790","SKC","KOSPI","화학","121100","-1200","-0.98","4585850887800"
"018670","SK가스","KOSPI","유통","261500","2500","0.97","2413708806000"
"001740","SK네트웍스","KOSPI","유통","4395","-20","-0.45","972516379290"
"006120","SK디스커버리","KOSPI","기타금융","41000","850","2.12","770220055000"
"006125","SK디스커버리우","KOSPI","기타금융","33900","50","0.15","46051624500"
"210980","SK디앤디","KOSPI","부동산","9020","-110","-1.20","167928785640"
"395400","SK리츠","KOSPI","부동산","5100","80","1.59","1397725522800"
"302440","SK바이오사이언스","KOSPI","제약","42450","100","0.24","3325842587850"
"326030","SK바이오팜","KOSPI","일반서비스","104500","600","0.58","8183734625000"
"402340","SK스퀘어","KOSPI","기타금융","101200","2300","2.33","13515063267200"
"361610","SK아이이테크놀로지","KOSPI","전기·전자","25400","-1000","-3.79","1810958836800"
"100090","SK오션플랜트","KOSPI","금속","14240","-380","-2.60","842944888320"
"03473K","SK우","KOSPI","기타금융","123500","-500","-0.40","69917672500"
"096770","SK이노베이션","KOSPI","화학","123400","-1800","-1.44","18637691358400"
"096775","SK이노베이션우","KOSPI","화학","76900","-500","-0.65","96003959400"
"475150","SK이터닉스","KOSPI","건설","13950","-610","-4.19","470868885900"
"001510","SK증권","KOSPI","증권","465","-2","-0.43","219754429515"
"001515","SK증권우","KOSPI","증권","1684","-8","-0.47","6588673576"
"285130","SK케미칼","KOSPI","화학","42600","50","0.12","735011155800"
"28513K","SK케미칼우","KOSPI","화학","20150","-50","-0.25","42625894350"
"017670","SK텔레콤","KOSPI","통신","56300","0","0.00","12092679983900"
"000660","SK하이닉스","KOSPI","전기·전자","215500","5500","2.62","156884509657500"
"003570","SNT다이내믹스","KOSPI","운송장비·부품","34100","550","1.64","1133916967700"
"064960","SNT모티브","KOSPI","운송장비·부품","24850","-1050","-4.05","659525759200"
"100840","SNT에너지","KOSPI","기계·장비","31400","50","0.16","649376586200"
"036530","SNT홀딩스","KOSPI","기타금융","32150","350","1.10","524169934900"
"005610","SPC삼립","KOSPI","음식료·담배","53200","-200","-0.37","459063278800"
"011810","STX","KOSPI","유통","3895","-80","-2.01","120814825665"
"465770","STX그린로지스","KOSPI","운송·창고","8410","-60","-0.71","60308379120"
"077970","STX엔진","KOSPI","기계·장비","25350","850","3.47","583275716400"
"002820","SUN&L","KOSPI","종이·목재","2770","0","0.00","34924129530"
"084870","TBH글로벌","KOSPI","섬유·의류","1126","-7","-0.62","23484778194"
"002710","TCC스틸","KOSPI","금속","27100","-150","-0.55","710391188700"
"069260","TKG휴켐스","KOSPI","화학","15900","-220","-1.36","649969549200"
"007980","TP","KOSPI","섬유·의류","1353","-11","-0.81","69239950890"
"002900","TYM","KOSPI","기계·장비","4645","-60","-1.28","209261690620"
"024070","WISCOM","KOSPI","화학","1879","-38","-1.98","28798377002"
"037270","YG PLUS","KOSPI","IT 서비스","4950","0","0.00","313975579500"
"000500","가온전선","KOSPI","전기·전자","48500","-2200","-4.34","802341077500"
"000860","강남제비스코","KOSPI","화학","23450","-300","-1.26","152425000000"
"035250","강원랜드","KOSPI","오락·문화","16940","-50","-0.29","3624152070000"
"011420","갤럭시아에스엠","KOSPI","오락·문화","1971","-16","-0.81","54300348324"
"002100","경농","KOSPI","화학","9200","-50","-0.54","179607690000"
"009450","경동나비엔","KOSPI","전기·전자","76100","-800","-1.04","1108669851200"
"267290","경동도시가스","KOSPI","전기·가스","17500","-30","-0.17","103169605000"
"012320","경동인베스트","KOSPI","기타금융","66500","3200","5.06","157274029500"
"000050","경방","KOSPI","유통","6480","-160","-2.41","177650949600"
"214390","경보제약","KOSPI","제약","5620","-120","-2.09","134356553200"
"012610","경인양행","KOSPI","화학","2970","5","0.17","123600604050"
"009140","경인전자","KOSPI","전기·전자","18790","-90","-0.48","29515275630"
"013580","계룡건설","KOSPI","건설","13320","-20","-0.15","118959681240"
"012200","계양전기","KOSPI","기계·장비","1485","-10","-0.67","40425901065"
"012205","계양전기우","KOSPI","기계·장비","3380","-10","-0.29","3951487020"
"002140","고려산업","KOSPI","음식료·담배","2715","-5","-0.18","67710538875"
"010130","고려아연","KOSPI","금속","848000","1000","0.12","17556383984000"
"002240","고려제강","KOSPI","금속","17510","-290","-1.63","472770000000"
"009290","광동제약","KOSPI","제약","5500","-20","-0.36","288314680500"
"017040","광명전기","KOSPI","전기·전자","1379","-35","-2.48","59762571085"
"017900","광전자","KOSPI","전기·전자","1734","-9","-0.52","100474485042"
"037710","광주신세계","KOSPI","유통","29550","0","0.00","235134964500"
"030610","교보증권","KOSPI","증권","6440","-90","-1.38","733921468840"
"339770","교촌에프앤비","KOSPI","유통","5900","-110","-1.83","294793972000"
"007690","국도화학","KOSPI","화학","29750","-800","-2.62","268065826000"
"001140","국보","KOSPI","운송·창고","2110","0","0.00","33456978680"
"002720","국제약품","KOSPI","제약","4645","-5","-0.11","98287419640"
"083420","그린케미칼","KOSPI","화학","6080","-150","-2.41","145920000000"
"014530","극동유화","KOSPI","화학","3355","10","0.30","116986904100"
"014280","금강공업","KOSPI","금속","4005","0","0.00","117464074785"
"014285","금강공업우","KOSPI","금속","6380","-40","-0.62","3763402500"
"008870","금비","KOSPI","비금속","55900","-100","-0.18","55900000000"
"001570","금양","KOSPI","화학","9900","-480","-4.62","633275240400"
"002990","금호건설","KOSPI","건설","2645","15","0.57","97742258775"
"002995","금호건설우","KOSPI","건설","12300","-190","-1.52","3594871800"
"011780","금호석유","KOSPI","화학","115700","1400","1.22","3162611715900"
"011785","금호석유우","KOSPI","화학","52500","-500","-0.94","158733015000"
"214330","금호에이치티","KOSPI","운송장비·부품","568","3","0.53","121503226408"
"001210","금호전기","KOSPI","전기·전자","654","-30","-4.39","37587313878"
"073240","금호타이어","KOSPI","화학","4950","60","1.23","1421938420650"
"092440","기신정기","KOSPI","기계·장비","2375","-10","-0.42","69350000000"
"000270","기아","KOSPI","운송장비·부품","95700","-300","-0.31","38057270882400"
"024110","기업은행","KOSPI","은행","15710","-70","-0.44","12527560401990"
"013700","까뮤이앤씨","KOSPI","건설","1199","-16","-1.32","71641245170"
"004540","깨끗한나라","KOSPI","종이·목재","2280","5","0.22","84908780040"
"004545","깨끗한나라우","KOSPI","종이·목재","11900","10","0.08","4357304000"
"001260","남광토건","KOSPI","건설","7890","-140","-1.74","77578993080"
"008350","남선알미늄","KOSPI","금속","1397","9","0.65","180323488730"
"008355","남선알미우","KOSPI","금속","14500","150","1.05","4464405000"
"004270","남성","KOSPI","유통","1080","-16","-1.46","39109132800"
"003920","남양유업","KOSPI","음식료·담배","71900","900","1.27","462806639000"
"003925","남양유업우","KOSPI","음식료·담배","37150","250","0.68","74300000000"
"025860","남해화학","KOSPI","화학","6330","-70","-1.09","314467076190"
"005720","넥센","KOSPI","화학","4515","0","0.00","241751056155"
"005725","넥센우","KOSPI","화학","3170","0","0.00","11413902000"
"002350","넥센타이어","KOSPI","화학","5440","-10","-0.18","531313250880"
"002355","넥센타이어1우B","KOSPI","화학","2850","35","1.24","18525000000"
"092790","넥스틸","KOSPI","금속","16150","-580","-3.47","419932300000"
"251270","넷마블","KOSPI","IT 서비스","40900","900","2.25","3515498231800"
"090350","노루페인트","KOSPI","화학","7760","-10","-0.13","155200000000"
"090355","노루페인트우","KOSPI","화학","12700","-90","-0.70","5881700200"
"000320","노루홀딩스","KOSPI","기타금융","14150","-10","-0.07","188069786650"
"000325","노루홀딩스우","KOSPI","기타금융","28600","-100","-0.35","6965787400"
"006280","녹십자","KOSPI","제약","132000","-1500","-1.12","1542623016000"
"005250","녹십자홀딩스","KOSPI","일반서비스","13730","-220","-1.58","645697323300"
"005257","녹십자홀딩스2우","KOSPI","일반서비스","21200","300","1.44","17934988000"
"004370","농심","KOSPI","음식료·담배","428000","1500","0.35","2603370776000"
"072710","농심홀딩스","KOSPI","기타금융","66800","-400","-0.60","309804372000"
"058730","다스코","KOSPI","금속","2900","5","0.17","54511128900"
"030210","다올투자증권","KOSPI","증권","3075","205","7.14","187301650950"
"023590","다우기술","KOSPI","IT 서비스","21600","-200","-0.92","969118927200"
"145210","다이나믹디자인","KOSPI","기계·장비","1126","0","0.00","38938979562"
"019680","대교","KOSPI","일반서비스","2135","0","0.00","180840584750"
"019685","대교우B","KOSPI","일반서비스","1271","0","0.00","24691704290"
"006370","대구백화점","KOSPI","유통","8000","80","1.01","86572888000"
"008060","대덕","KOSPI","기타금융","7100","-40","-0.56","240620065000"
"00806K","대덕1우","KOSPI","기타금융","7300","-30","-0.41","8850206100"
"353200","대덕전자","KOSPI","전기·전자","18600","450","2.48","919154805000"
"35320K","대덕전자1우","KOSPI","전기·전자","8100","20","0.25","16973703900"
"000490","대동","KOSPI","기계·장비","11150","-280","-2.45","285894786200"
"008110","대동전자","KOSPI","전기·전자","15040","0","0.00","157776322880"
"005750","대림B&Co","KOSPI","비금속","3970","-5","-0.13","66188792800"
"006570","대림통상","KOSPI","금속","2340","20","0.86","35626500000"
"001680","대상","KOSPI","음식료·담배","25500","650","2.62","883524637500"
"001685","대상우","KOSPI","음식료·담배","17600","-110","-0.62","24115924800"
"084690","대상홀딩스","KOSPI","기타금융","11360","-10","-0.09","411374431680"
"084695","대상홀딩스우","KOSPI","기타금융","21700","0","0.00","19822559400"
"128820","대성산업","KOSPI","유통","3395","10","0.30","153574447810"
"117580","대성에너지","KOSPI","전기·가스","7830","-20","-0.25","215325000000"
"016710","대성홀딩스","KOSPI","일반서비스","7030","-20","-0.28","113108896770"
"003540","대신증권","KOSPI","증권","17250","90","0.52","875841150000"
"003547","대신증권2우B","KOSPI","증권","15600","20","0.13","156000000000"
"003545","대신증권우","KOSPI","증권","16120","-20","-0.12","419120000000"
"009190","대양금속","KOSPI","금속","1410","31","2.25","59727580260"
"014160","대영포장","KOSPI","종이·목재","1360","-34","-2.44","147416586640"
"047040","대우건설","KOSPI","건설","3250","-70","-2.11","1350773573500"
"003090","대웅","KOSPI","제약","19670","-380","-1.90","1143652746600"
"069620","대웅제약","KOSPI","제약","118300","-100","-0.08","1370691822500"
"000430","대원강업","KOSPI","운송장비·부품","3635","0","0.00","225370000000"
"006340","대원전선","KOSPI","전기·전자","2905","-55","-1.86","217814503375"
"006345","대원전선우","KOSPI","전기·전자","3750","-130","-3.35","9829500000"
"003220","대원제약","KOSPI","제약","13970","-30","-0.21","313313334510"
"024890","대원화성","KOSPI","화학","947","-5","-0.53","39062946944"
"002880","대유에이텍","KOSPI","운송장비·부품","923","-5","-0.54","43144730460"
"012800","대창","KOSPI","금속","1371","-39","-2.77","124953624129"
"015230","대창단조","KOSPI","운송장비·부품","5160","30","0.58","147432706800"
"001070","대한방직","KOSPI","섬유·의류","5230","20","0.38","27719000000"
"006650","대한유화","KOSPI","화학","99000","-200","-0.20","643500000000"
"001440","대한전선","KOSPI","전기·전자","12510","-190","-1.50","2332455723000"
"084010","대한제강","KOSPI","금속","16200","170","1.06","379313231400"
"001790","대한제당","KOSPI","음식료·담배","2940","55","1.91","263707945200"
"001795","대한제당우","KOSPI","음식료·담배","2360","35","1.51","15299313600"
"001130","대한제분","KOSPI","음식료·담배","127900","-1500","-1.16","216151000000"
"003490","대한항공","KOSPI","운송·창고","22400","0","0.00","8248142806400"
"003495","대한항공우","KOSPI","운송·창고","21800","50","0.23","24215309200"
"005880","대한해운","KOSPI","운송·창고","1668","-16","-0.95","535778196600"
"003830","대한화섬","KOSPI","화학","112500","-500","-0.44","149400000000"
"016090","대현","KOSPI","섬유·의류","2080","-15","-0.72","92107204800"
"069460","대호에이엘","KOSPI","금속","1573","51","3.35","106663717446"
"475560","더본코리아","KOSPI","유통","29200","100","0.34","430327992000"
"192080","더블유게임즈","KOSPI","IT 서비스","50500","-500","-0.98","1085543253000"
"012510","더존비즈온","KOSPI","IT 서비스","58100","2000","3.57","1765239750400"
"004830","덕성","KOSPI","화학","7750","540","7.49","121520000000"
"004835","덕성우","KOSPI","화학","11400","600","5.56","15868800000"
"024900","덕양산업","KOSPI","운송장비·부품","2885","15","0.52","93949967300"
"145720","덴티움","KOSPI","의료·정밀기기","61100","-500","-0.81","676305513000"
"002150","도화엔지니어링","KOSPI","일반서비스","6560","-60","-0.91","221203200000"
"460850","동국씨엠","KOSPI","금속","7090","-10","-0.14","211981471040"
"460860","동국제강","KOSPI","금속","9720","-30","-0.31","482189925240"
"001230","동국홀딩스","KOSPI","기타금융","7650","-60","-0.78","243273694950"
"023450","동남합성","KOSPI","화학","34100","-150","-0.44","119350000000"
"004140","동방","KOSPI","운송·창고","2220","-45","-1.99","106497320520"
"007590","동방아그로","KOSPI","화학","6020","-20","-0.33","81977813540"
"005960","동부건설","KOSPI","건설","3525","-55","-1.54","80885866125"
"005965","동부건설우","KOSPI","건설","18340","0","0.00","4139924880"
"026960","동서","KOSPI","유통","26700","-300","-1.11","2661990000000"
"002210","동성제약","KOSPI","제약","3840","-25","-0.65","100227724800"
"102260","동성케미컬","KOSPI","일반서비스","3795","-20","-0.52","188572517760"
"000640","동아쏘시오홀딩스","KOSPI","기타금융","98400","1400","1.44","624733039200"
"170900","동아에스티","KOSPI","제약","46500","250","0.54","426543337500"
"028100","동아지질","KOSPI","건설","13160","20","0.15","176205846320"
"001520","동양","KOSPI","비금속","592","-17","-2.79","141300965296"
"001527","동양2우B","KOSPI","비금속","8050","-170","-2.07","2483980450"
"084670","동양고속","KOSPI","운송·창고","7080","-40","-0.56","20500628520"
"082640","동양생명","KOSPI","보험","5180","-30","-0.58","835837470300"
"001525","동양우","KOSPI","비금속","4065","-50","-1.22","2511076515"
"008970","동양철관","KOSPI","금속","1207","1","0.08","189561957120"
"092780","동양피스톤","KOSPI","운송장비·부품","4565","-25","-0.54","60114019900"
"049770","동원F&B","KOSPI","음식료·담배","34350","250","0.73","662804547000"
"018500","동원금속","KOSPI","운송장비·부품","1596","-90","-5.34","74620873068"
"006040","동원산업","KOSPI","기타금융","38000","200","0.53","1505715192000"
"030720","동원수산","KOSPI","농업, 임업 및 어업","4985","-10","-0.20","23199217925"
"014820","동원시스템즈","KOSPI","화학","36500","-550","-1.48","1058181793000"
"014825","동원시스템즈우","KOSPI","화학","18190","-10","-0.05","4804179090"
"111380","동인기연","KOSPI","섬유·의류","15450","-100","-0.64","94677600000"
"163560","동일고무벨트","KOSPI","화학","7400","-50","-0.67","102860000000"
"004890","동일산업","KOSPI","금속","40100","-150","-0.37","97251121500"
"002690","동일제강","KOSPI","금속","1227","-2","-0.16","24908541720"
"000020","동화약품","KOSPI","제약","6090","-40","-0.65","170102652300"
"000150","두산","KOSPI","기타금융","318000","-1000","-0.31","5254579530000"
"000157","두산2우B","KOSPI","기타금융","136800","800","0.59","122167598400"
"454910","두산로보틱스","KOSPI","기계·장비","56300","-3900","-6.48","3649364874000"
"241560","두산밥캣","KOSPI","기계·장비","51700","1700","3.40","4955758560500"
"034020","두산에너빌리티","KOSPI","기계·장비","27000","1500","5.88","17295150942000"
"000155","두산우","KOSPI","기타금융","147300","1500","1.03","588678852600"
"336260","두산퓨얼셀","KOSPI","전기·전자","15400","-480","-3.02","1008603380400"
"33626K","두산퓨얼셀1우","KOSPI","전기·전자","4550","-10","-0.22","60807110000"
"33626L","두산퓨얼셀2우B","KOSPI","전기·전자","7670","40","0.52","22904921000"
"016740","두올","KOSPI","운송장비·부품","3090","-35","-1.12","96732400560"
"192650","드림텍","KOSPI","전기·전자","7070","30","0.43","487052589870"
"024090","디씨엠","KOSPI","금속","11670","10","0.09","133038000000"
"003160","디아이","KOSPI","의료·정밀기기","14940","-370","-2.42","422802000000"
"092200","디아이씨","KOSPI","운송장비·부품","4475","120","2.76","174026346275"
"377190","디앤디플랫폼리츠","KOSPI","부동산","3300","-15","-0.45","291720000000"
"013570","디와이","KOSPI","기타금융","3905","-40","-1.01","102778166865"
"210540","디와이파워","KOSPI","기계·장비","11900","-80","-0.67","131396325200"
"032350","롯데관광개발","KOSPI","일반서비스","8080","310","3.99","615665158640"
"089860","롯데렌탈","KOSPI","일반서비스","29650","0","0.00","1076573354200"
"330590","롯데리츠","KOSPI","부동산","3530","-20","-0.56","1020060160520"
"000400","롯데손해보험","KOSPI","보험","1812","31","1.74","562329411840"
"023530","롯데쇼핑","KOSPI","유통","65400","800","1.24","1850084577000"
"020150","롯데에너지머티리얼즈","KOSPI","전기·전자","25950","-500","-1.89","1358883764850"
"280360","롯데웰푸드","KOSPI","음식료·담배","123400","-400","-0.32","1164226431600"
"286940","롯데이노베이트","KOSPI","IT 서비스","19650","10","0.05","297292061550"
"004000","롯데정밀화학","KOSPI","화학","41000","-150","-0.36","1057800000000"
"004990","롯데지주","KOSPI","기타금융","23250","150","0.65","2439139760250"
"00499K","롯데지주우","KOSPI","기타금융","27000","600","2.27","21751281000"
"005300","롯데칠성","KOSPI","음식료·담배","111900","700","0.63","1038307119600"
"005305","롯데칠성우","KOSPI","음식료·담배","65900","0","0.00","51092929000"
"011170","롯데케미칼","KOSPI","화학","69300","-900","-1.28","2964336536700"
"071840","롯데하이마트","KOSPI","유통","7300","-100","-1.35","172336297600"
"027740","마니커","KOSPI","음식료·담배","886","3","0.34","56270948008"
"357430","마스턴프리미어리츠","KOSPI","부동산","1501","-4","-0.27","45788465807"
"001080","만호제강","KOSPI","금속","26050","350","1.36","108107500000"
"088980","맥쿼리인프라","KOSPI","기타금융","11000","10","0.09","5268141923000"
"094800","맵스리얼티1","KOSPI","기타금융","4250","-25","-0.58","394545906750"
"138040","메리츠금융지주","KOSPI","기타금융","117400","-2800","-2.33","22390541383600"
"090370","메타랩스","KOSPI","섬유·의류","1438","22","1.55","35812942782"
"118000","메타케어","KOSPI","유통","317","-1","-0.31","52234424388"
"017180","명문제약","KOSPI","제약","1599","-15","-0.93","54291572946"
"009900","명신산업","KOSPI","운송장비·부품","8860","-70","-0.78","464885378380"
"012690","모나리자","KOSPI","종이·목재","2815","-10","-0.35","102948082825"
"005360","모나미","KOSPI","유통","2005","5","0.25","37889100535"
"070960","모나용평","KOSPI","일반서비스","3900","25","0.65","187719998700"
"009680","모토닉","KOSPI","운송장비·부품","9220","0","0.00","258621000000"
"009580","무림P&P","KOSPI","종이·목재","2900","-10","-0.34","180868139600"
"009200","무림페이퍼","KOSPI","종이·목재","2045","-30","-1.45","85091038950"
"033920","무학","KOSPI","음식료·담배","6760","-60","-0.88","192660000000"
"008420","문배철강","KOSPI","금속","2525","-100","-3.81","51771350125"
"025560","미래산업","KOSPI","의료·정밀기기","801","-4","-0.50","47712391632"
"007120","미래아이앤지","KOSPI","IT 서비스","779","-8","-1.02","22496435632"
"396690","미래에셋글로벌리츠","KOSPI","부동산","2770","0","0.00","109708453800"
"357250","미래에셋맵스리츠","KOSPI","부동산","2670","0","0.00","66736930350"
"085620","미래에셋생명","KOSPI","보험","4495","-15","-0.33","795687769555"
"006800","미래에셋증권","KOSPI","증권","9790","50","0.51","5583397634320"
"00680K","미래에셋증권2우B","KOSPI","증권","4255","-15","-0.35","585062500000"
"006805","미래에셋증권우","KOSPI","증권","4800","5","0.10","67563600000"
"002840","미원상사","KOSPI","화학","181000","-4900","-2.64","859750000000"
"268280","미원에스씨","KOSPI","화학","149700","-400","-0.27","748500000000"
"107590","미원홀딩스","KOSPI","기타금융","72800","-600","-0.82","168896000000"
"134380","미원화학","KOSPI","화학","79900","0","0.00","175721513200"
"003650","미창석유","KOSPI","화학","101500","1600","1.60","176576708000"
"377740","바이오노트","KOSPI","제약","4850","-50","-1.02","494971832800"
"003610","방림","KOSPI","섬유·의류","3700","-60","-1.60","148747984600"
"001340","백광산업","KOSPI","화학","6840","-20","-0.29","307241903880"
"035150","백산","KOSPI","화학","15080","240","1.62","320450000000"
"002410","범양건영","KOSPI","건설","1935","0","0.00","53173451700"
"007210","벽산","KOSPI","비금속","2150","-40","-1.83","145254000000"
"002760","보락","KOSPI","화학","1047","-8","-0.76","62715300000"
"003850","보령","KOSPI","제약","9400","20","0.21","815799745800"
"000890","보해양조","KOSPI","음식료·담배","462","20","4.52","64273499598"
"003000","부광약품","KOSPI","제약","4655","-5","-0.11","318656493505"
"001270","부국증권","KOSPI","증권","26950","-100","-0.37","279468427700"
"001275","부국증권우","KOSPI","증권","21850","-50","-0.23","65550000000"
"026940","부국철강","KOSPI","금속","2485","-20","-0.80","49700000000"
"011390","부산산업","KOSPI","비금속","69700","-900","-1.27","73603200000"
"005030","부산주공","KOSPI","운송장비·부품","486","0","0.00","38288532168"
"002070","비비안","KOSPI","섬유·의류","778","-3","-0.38","24214298506"
"100220","비상교육","KOSPI","오락·문화","4650","-45","-0.96","60434845650"
"090460","비에이치","KOSPI","전기·전자","14960","-100","-0.66","515587109840"
"005180","빙그레","KOSPI","음식료·담배","98200","3700","3.92","967391866200"
"003960","사조대림","KOSPI","음식료·담배","40800","-400","-0.97","373910253600"
"008040","사조동아원","KOSPI","음식료·담배","1039","0","0.00","146649239400"
"007160","사조산업","KOSPI","농업, 임업 및 어업","33950","-250","-0.73","169750000000"
"014710","사조씨푸드","KOSPI","음식료·담배","5200","-10","-0.19","89536423600"
"006090","사조오양","KOSPI","음식료·담배","8420","-70","-0.82","79339462380"
"062040","산일전기","KOSPI","전기·전자","60100","-1900","-3.06","1829756520000"
"001470","삼부토건","KOSPI","건설","404","-18","-4.27","92791456896"
"028050","삼성E&A","KOSPI","일반서비스","20500","250","1.23","4018000000000"
"448730","삼성FN리츠","KOSPI","부동산","4560","-30","-0.65","415188000000"
"006400","삼성SDI","KOSPI","전기·전자","200500","-2000","-0.99","13787288265000"
"006405","삼성SDI우","KOSPI","전기·전자","120000","-5400","-4.31","194147520000"
"006660","삼성공조","KOSPI","운송장비·부품","17170","-980","-5.40","139528811380"
"028260","삼성물산","KOSPI","유통","124900","800","0.64","21230070345600"
"02826K","삼성물산우B","KOSPI","유통","90600","1400","1.57","132963654000"
"207940","삼성바이오로직스","KOSPI","제약","1095000","23000","2.15","77935530000000"
"032830","삼성생명","KOSPI","보험","86200","500","0.58","17240000000000"
"018260","삼성에스디에스","KOSPI","IT 서비스","121200","-1300","-1.06","9378189360000"
"009150","삼성전기","KOSPI","전기·전자","138500","-1000","-0.72","10345076896000"
"009155","삼성전기우","KOSPI","전기·전자","61600","-100","-0.16","179070214400"
"005930","삼성전자","KOSPI","전기·전자","61700","1500","2.49","365241659787400"
"005935","삼성전자우","KOSPI","전기·전자","50700","700","1.40","41369915464800"
"001360","삼성제약","KOSPI","제약","1575","9","0.57","148305274425"
"010140","삼성중공업","KOSPI","운송장비·부품","14580","40","0.28","12830400000000"
"016360","삼성증권","KOSPI","증권","46450","200","0.43","4147985000000"
"068290","삼성출판사","KOSPI","오락·문화","14950","-70","-0.47","149500000000"
"029780","삼성카드","KOSPI","기타금융","43250","-1000","-2.26","5010897035750"
"000810","삼성화재","KOSPI","보험","390500","-6500","-1.64","18499873848500"
"000815","삼성화재우","KOSPI","보험","297000","3000","1.02","948024000000"
"006110","삼아알미늄","KOSPI","금속","28600","-750","-2.56","420760797600"
"145990","삼양사","KOSPI","음식료·담배","46150","-450","-0.97","475965671350"
"145995","삼양사우","KOSPI","음식료·담배","30000","450","1.52","11102100000"
"003230","삼양식품","KOSPI","음식료·담배","917000","9000","0.99","6907774755000"
"002170","삼양통상","KOSPI","섬유·의류","47850","-550","-1.14","143550000000"
"272550","삼양패키징","KOSPI","화학","14230","70","0.49","218159717330"
"000070","삼양홀딩스","KOSPI","기타금융","62800","2100","3.46","537836218800"
"000075","삼양홀딩스우","KOSPI","기타금융","59800","500","0.84","18182668400"
"003720","삼영","KOSPI","화학","4015","-40","-0.99","136510000000"
"002810","삼영무역","KOSPI","유통","13500","0","0.00","249303798000"
"005680","삼영전자","KOSPI","전기·전자","9920","-30","-0.30","198400000000"
"023000","삼원강재","KOSPI","운송장비·부품","2350","15","0.64","94000000000"
"004380","삼익THK","KOSPI","기계·장비","11370","500","4.60","238770000000"
"002450","삼익악기","KOSPI","기타제조","1170","0","0.00","105921170550"
"004440","삼일씨엔에스","KOSPI","비금속","4100","0","0.00","52200982700"
"000520","삼일제약","KOSPI","제약","12220","-370","-2.94","265073930420"
"009770","삼정펄프","KOSPI","종이·목재","25550","-1050","-3.95","63874259050"
"005500","삼진제약","KOSPI","제약","17690","-110","-0.62","245891000000"
"004690","삼천리","KOSPI","전기·가스","89300","-300","-0.33","362113732500"
"010960","삼호개발","KOSPI","건설","3075","-5","-0.16","76875000000"
"004450","삼화왕관","KOSPI","금속","30750","-100","-0.32","66247154250"
"009470","삼화전기","KOSPI","전기·전자","37150","50","0.13","245703413000"
"011230","삼화전자","KOSPI","전기·전자","4185","-165","-3.79","70737799500"
"001820","삼화콘덴서","KOSPI","전기·전자","28600","850","3.06","297297000000"
"000390","삼화페인트","KOSPI","화학","6290","0","0.00","171109820010"
"001290","상상인증권","KOSPI","증권","423","-2","-0.47","45826601760"
"041650","상신브레이크","KOSPI","운송장비·부품","2955","0","0.00","63448134750"
"075180","새론오토모티브","KOSPI","운송장비·부품","3215","-130","-3.89","61728000000"
"007540","샘표","KOSPI","기타금융","41950","-350","-0.83","120639810000"
"248170","샘표식품","KOSPI","음식료·담배","26000","-400","-1.52","118775436000"
"007860","서연","KOSPI","기타금융","8220","-10","-0.12","193004317680"
"200880","서연이화","KOSPI","운송장비·부품","12780","-190","-1.46","345423424860"
"017390","서울가스","KOSPI","전기·가스","49050","50","0.10","245250000000"
"031210","서울보증보험","KOSPI","보험","34150","-450","-1.30","2384407571700"
"004410","서울식품","KOSPI","음식료·담배","140","-1","-0.71","52465778260"
"004415","서울식품우","KOSPI","음식료·담배","1203","-2","-0.17","2676073500"
"021050","서원","KOSPI","금속","1258","-17","-1.33","59723034220"
"008490","서흥","KOSPI","화학","15230","360","2.42","176197590990"
"007610","선도전기","KOSPI","전기·전자","3000","0","0.00","54000000000"
"136490","선진","KOSPI","음식료·담배","5750","30","0.52","136732723000"
"014910","성문전자","KOSPI","전기·전자","1111","0","0.00","24954154335"
"014915","성문전자우","KOSPI","전기·전자","4520","-90","-1.95","2712000000"
"003080","성보화학","KOSPI","화학","2430","-15","-0.61","48648600000"
"004980","성신양회","KOSPI","비금속","7220","-10","-0.14","177006047060"
"004985","성신양회우","KOSPI","비금속","10740","-230","-2.10","7900827300"
"011300","성안머티리얼스","KOSPI","섬유·의류","596","-11","-1.81","80798334300"
"000180","성창기업지주","KOSPI","일반서비스","1288","-1","-0.08","89840060800"
"002420","세기상사","KOSPI","유통","4950","-60","-1.20","27516297600"
"004360","세방","KOSPI","운송·창고","11650","-40","-0.34","224946238500"
"004365","세방우","KOSPI","운송·창고","7650","0","0.00","28222762500"
"004490","세방전지","KOSPI","전기·전자","68700","-300","-0.43","961800000000"
"001430","세아베스틸지주","KOSPI","금속","19560","-190","-0.96","701463047640"
"306200","세아제강","KOSPI","금속","205500","500","0.24","582859650000"
"003030","세아제강지주","KOSPI","기타금융","257000","500","0.19","1064405849000"
"019440","세아특수강","KOSPI","금속","13220","-20","-0.15","113295400000"
"058650","세아홀딩스","KOSPI","금속","94500","300","0.32","378000000000"
"013000","세우글로벌","KOSPI","유통","1228","-10","-0.81","35249778068"
"091090","세원이앤씨","KOSPI","금속","1270","0","0.00","66998498210"
"021820","세원정공","KOSPI","운송장비·부품","7840","-50","-0.63","78400000000"
"067830","세이브존I&C","KOSPI","유통","2220","-45","-1.99","91110786900"
"075580","세진중공업","KOSPI","운송장비·부품","7460","-100","-1.32","424096941760"
"068270","셀트리온","KOSPI","제약","186700","400","0.21","39973985817300"
"336370","솔루스첨단소재","KOSPI","전기·전자","8800","-510","-5.48","617912627200"
"33637K","솔루스첨단소재1우","KOSPI","전기·전자","1947","-31","-1.57","32921367402"
"33637L","솔루스첨단소재2우B","KOSPI","전기·전자","3880","-30","-0.77","14659788480"
"248070","솔루엠","KOSPI","전기·전자","17730","-20","-0.11","886598419230"
"004430","송원산업","KOSPI","화학","13070","200","1.55","313680000000"
"126720","수산인더스트리","KOSPI","건설","20250","200","1.00","289291500000"
"017550","수산중공업","KOSPI","기계·장비","1875","-50","-2.60","116998368750"
"053210","스카이라이프","KOSPI","오락·문화","4560","15","0.33","216704674800"
"204210","스타에스엠리츠","KOSPI","부동산","2035","0","0.00","15927568525"
"026890","스틱인베스트먼트","KOSPI","기타금융","7790","350","4.70","324672983250"
"134790","시디즈","KOSPI","기타제조","24750","-200","-0.80","49500000000"
"462870","시프트업","KOSPI","IT 서비스","58700","-1500","-2.49","3424248064000"
"016590","신대양제지","KOSPI","종이·목재","6850","-300","-4.20","276040067000"
"029530","신도리코","KOSPI","전기·전자","38400","100","0.26","387073113600"
"004970","신라교역","KOSPI","농업, 임업 및 어업","8770","0","0.00","140320000000"
"011930","신성이엔지","KOSPI","전기·전자","1238","-11","-0.88","254840010938"
"005390","신성통상","KOSPI","유통","2160","-20","-0.92","310410122400"
"004170","신세계","KOSPI","유통","146700","-1400","-0.95","1444288052700"
"035510","신세계 I&C","KOSPI","IT 서비스","12290","140","1.15","187650356600"
"031430","신세계인터내셔날","KOSPI","유통","10400","190","1.86","371280000000"
"031440","신세계푸드","KOSPI","일반서비스","33000","900","2.80","127791840000"
"006880","신송홀딩스","KOSPI","유통","6950","-70","-1.00","82210563100"
"005800","신영와코루","KOSPI","섬유·의류","10200","-30","-0.29","91800000000"
"001720","신영증권","KOSPI","증권","80800","700","0.87","1328352000000"
"009270","신원","KOSPI","섬유·의류","1306","-28","-2.10","133977780936"
"002700","신일전자","KOSPI","유통","1499","-11","-0.73","106500233979"
"002870","신풍","KOSPI","유통","1306","14","1.08","45656062200"
"019170","신풍제약","KOSPI","제약","8000","-20","-0.25","423879920000"
"019175","신풍제약우","KOSPI","제약","12360","-30","-0.24","27192000000"
"481850","신한글로벌액티브리츠","KOSPI","기타금융","1538","-10","-0.65","66868647232"
"404990","신한서부티엔디리츠","KOSPI","부동산","3165","50","1.61","177100372860"
"293940","신한알파리츠","KOSPI","부동산","6030","0","0.00","729268941690"
"055550","신한지주","KOSPI","기타금융","47800","250","0.53","24064686535000"
"004080","신흥","KOSPI","유통","14620","-60","-0.41","138890000000"
"102280","쌍방울","KOSPI","섬유·의류","13450","0","0.00","70637274900"
"004770","써니전자","KOSPI","전기·전자","2180","10","0.46","80012287120"
"403550","쏘카","KOSPI","일반서비스","14860","-260","-1.72","488030663720"
"004920","씨아이테크","KOSPI","전기·전자","1030","-17","-1.62","51567766790"
"112610","씨에스윈드","KOSPI","금속","37300","-300","-0.80","1572993331900"
"480370","씨케이솔루션","KOSPI","건설","15590","-1590","-9.25","170474482990"
"308170","씨티알모빌리티","KOSPI","운송장비·부품","5500","30","0.55","47355000000"
"008700","아남전자","KOSPI","전기·전자","1548","14","0.91","119389221360"
"002790","아모레G","KOSPI","화학","21400","0","0.00","1700405052000"
"00279K","아모레G3우(전환)","KOSPI","화학","18100","-50","-0.28","128368820000"
"002795","아모레G우","KOSPI","화학","9180","10","0.11","59153808600"
"090430","아모레퍼시픽","KOSPI","화학","108900","-800","-0.73","6369861455100"
"090435","아모레퍼시픽우","KOSPI","화학","34750","200","0.58","366884592500"
"002030","아세아","KOSPI","일반서비스","268000","2500","0.94","562688512000"
"183190","아세아시멘트","KOSPI","비금속","10200","-10","-0.10","385932157200"
"002310","아세아제지","KOSPI","종이·목재","7250","0","0.00","310173197500"
"012170","아센디오","KOSPI","오락·문화","3210","435","15.68","33245803080"
"267850","아시아나IDT","KOSPI","IT 서비스","11270","20","0.18","125097000000"
"020560","아시아나항공","KOSPI","운송·창고","10610","340","3.31","2185561443710"
"122900","아이마켓코리아","KOSPI","유통","7880","10","0.13","263419259200"
"010780","아이에스동서","KOSPI","비금속","16780","-300","-1.76","506537457280"
"139990","아주스틸","KOSPI","금속","4200","5","0.12","162772738800"
"009320","아진전자부품","KOSPI","운송장비·부품","1007","-3","-0.30","49644868390"
"001780","알루코","KOSPI","금속","2225","-25","-1.11","215447043700"
"018250","애경산업","KOSPI","화학","14160","-350","-2.41","373964679600"
"161000","애경케미칼","KOSPI","화학","7100","-190","-2.61","345405833900"
"011090","에넥스","KOSPI","기타제조","516","0","0.00","30955686756"
"137310","에스디바이오센서","KOSPI","의료·정밀기기","9600","-450","-4.48","1168791379200"
"005850","에스엘","KOSPI","운송장비·부품","38000","1550","4.25","1765043760000"
"010580","에스엠벡셀","KOSPI","운송장비·부품","1221","1","0.08","135838398960"
"012750","에스원","KOSPI","일반서비스","61300","-1100","-1.76","2329349611400"
"023960","에쓰씨엔지니어링","KOSPI","건설","1281","1","0.08","44910049947"
"298690","에어부산","KOSPI","운송·창고","2160","-10","-0.46","251942400000"
"140910","에이리츠","KOSPI","부동산","3130","0","0.00","13969290160"
"078520","에이블씨엔씨","KOSPI","화학","6880","-70","-1.01","178977427680"
"015260","에이엔피","KOSPI","전기·전자","480","-5","-1.03","21656109120"
"007460","에이프로젠","KOSPI","금속","756","-21","-2.70","235740967056"
"003060","에이프로젠바이오로직스","KOSPI","제약","800","-13","-1.60","158726276000"
"244920","에이플러스에셋","KOSPI","기타금융","3990","-35","-0.87","90204695070"
"278470","에이피알","KOSPI","화학","67800","-900","-1.31","2524977429000"
"450080","에코프로머티","KOSPI","전기·전자","68600","-3300","-4.59","4784065764800"
"019490","엑시큐어하이트론","KOSPI","전기·전자","750","-73","-8.87","57324202500"
"036570","엔씨소프트","KOSPI","IT 서비스","163300","600","0.37","3585091792600"
"085310","엔케이","KOSPI","금속","850","-10","-1.16","67048273700"
"900140","엘브이엠씨홀딩스","KOSPI","유통","1788","43","2.46","306800078868"
"066970","엘앤에프","KOSPI","전기·전자","71300","-1900","-2.60","2587988506200"
"097520","엠씨넥스","KOSPI","전기·전자","24250","-400","-1.62","435960001000"
"484870","엠앤씨솔루션","KOSPI","기계·장비","85000","4500","5.59","778081500000"
"014440","영보화학","KOSPI","화학","4390","-210","-4.57","87800000000"
"111770","영원무역","KOSPI","유통","52700","-100","-0.19","2335214363600"
"009970","영원무역홀딩스","KOSPI","기타금융","96700","0","0.00","1318561746400"
"003520","영진약품","KOSPI","제약","1980","-15","-0.75","362127607380"
"000670","영풍","KOSPI","금속","480000","-11000","-2.24","884179200000"
"006740","영풍제지","KOSPI","종이·목재","994","-6","-0.60","55571774692"
"012280","영화금속","KOSPI","운송장비·부품","801","-33","-3.96","41383268505"
"012160","영흥","KOSPI","금속","398","-3","-0.75","40321528056"
"015360","예스코홀딩스","KOSPI","일반서비스","46600","100","0.22","279600000000"
"007310","오뚜기","KOSPI","음식료·담배","426500","3000","0.71","1709339495000"
"002630","오리엔트바이오","KOSPI","제약","1380","-158","-10.27","163644546900"
"271560","오리온","KOSPI","음식료·담배","121900","2500","2.09","4819454490800"
"001800","오리온홀딩스","KOSPI","기타금융","15790","-350","-2.17","989171213380"
"005320","온타이드","KOSPI","유통","446","2","0.45","30114910566"
"011690","와이투솔루션","KOSPI","전기·전자","2325","25","1.09","85035466050"
"316140","우리금융지주","KOSPI","기타금융","16790","60","0.36","12468111301790"
"006980","우성","KOSPI","음식료·담배","14320","-160","-1.10","44248800000"
"017370","우신시스템","KOSPI","기계·장비","6130","-40","-0.65","112265151020"
"105840","우진","KOSPI","의료·정밀기기","7460","60","0.81","151614160440"
"010400","우진아이엔에스","KOSPI","건설","2810","-50","-1.75","21417820000"
"049800","우진플라임","KOSPI","기계·장비","2035","20","0.99","40700000000"
"016880","웅진","KOSPI","일반서비스","864","7","0.82","69056997120"
"095720","웅진씽크빅","KOSPI","일반서비스","1518","-21","-1.36","175338085230"
"005820","원림","KOSPI","섬유·의류","13960","20","0.14","32079661200"
"010600","웰바이오텍","KOSPI","유통","545","0","0.00","49553256815"
"008600","윌비스","KOSPI","유통","467","-200","-29.99","31399230213"
"033270","유나이티드제약","KOSPI","제약","19740","300","1.54","322429646280"
"014830","유니드","KOSPI","화학","76800","-2200","-2.78","519751680000"
"446070","유니드비티플러스","KOSPI","종이·목재","4035","-25","-0.62","42816252525"
"000910","유니온","KOSPI","비금속","5170","-60","-1.15","80712070230"
"047400","유니온머티리얼","KOSPI","비금속","1984","-21","-1.05","83328000000"
"011330","유니켐","KOSPI","섬유·의류","1416","-28","-1.94","137347988472"
"077500","유니퀘스트","KOSPI","유통","6040","-90","-1.47","130464616080"
"002920","유성기업","KOSPI","운송장비·부품","1831","-4","-0.22","47509872500"
"000700","유수홀딩스","KOSPI","일반서비스","5500","20","0.36","143229966000"
"003470","유안타증권","KOSPI","증권","2845","25","0.89","567852258720"
"003475","유안타증권우","KOSPI","증권","3060","0","0.00","39511368720"
"072130","유엔젤","KOSPI","IT 서비스","5790","150","2.66","76401678660"
"000220","유유제약","KOSPI","제약","4430","-25","-0.56","75453314930"
"000225","유유제약1우","KOSPI","제약","4685","-90","-1.88","10620567050"
"000227","유유제약2우B","KOSPI","제약","9220","-220","-2.33","3001663200"
"001200","유진투자증권","KOSPI","증권","2600","30","1.17","251852686800"
"000100","유한양행","KOSPI","제약","121200","-9900","-7.55","9721338556800"
"000105","유한양행우","KOSPI","제약","108300","-4600","-4.07","127895802000"
"003460","유화증권","KOSPI","증권","2315","-5","-0.22","131266090725"
"003465","유화증권우","KOSPI","증권","2310","-10","-0.43","40370541750"
"008730","율촌화학","KOSPI","화학","28750","200","0.70","713000000000"
"008250","이건산업","KOSPI","종이·목재","4950","-50","-1.00","54215543250"
"025820","이구산업","KOSPI","금속","4800","-170","-3.42","160521600000"
"214320","이노션","KOSPI","일반서비스","18630","-120","-0.64","745200000000"
"088260","이리츠코크렙","KOSPI","부동산","4320","30","0.70","273635668800"
"139480","이마트","KOSPI","유통","83700","4800","6.08","2333206050300"
"457190","이수스페셜티케미컬","KOSPI","화학","50500","-6100","-10.78","1525518140000"
"007660","이수페타시스","KOSPI","전기·전자","39800","-300","-0.75","2517207476200"
"005950","이수화학","KOSPI","화학","6170","-70","-1.12","140199299630"
"015020","이스타코","KOSPI","부동산","1340","-100","-6.94","57421144000"
"093230","이아이디","KOSPI","유통","1392","0","0.00","354103029120"
"074610","이엔플러스","KOSPI","기계·장비","602","-143","-19.19","44171586858"
"102460","이연제약","KOSPI","제약","11900","210","1.80","221183050900"
"084680","이월드","KOSPI","기타제조","1287","-21","-1.61","182504570391"
"350520","이지스레지던스리츠","KOSPI","부동산","4120","-10","-0.24","151888752240"
"334890","이지스밸류리츠","KOSPI","부동산","4520","30","0.67","232524479880"
"000760","이화산업","KOSPI","유통","10320","-200","-1.90","28896000000"
"014990","인디에프","KOSPI","섬유·의류","700","-9","-1.27","52579096500"
"101140","인바이오젠","KOSPI","유통","7320","170","2.38","73523661120"
"006490","인스코비","KOSPI","통신","1339","-35","-2.55","159835088322"
"023800","인지컨트롤스","KOSPI","운송장비·부품","5890","-20","-0.34","93116170330"
"034590","인천도시가스","KOSPI","전기·가스","24500","-200","-0.81","107181473000"
"129260","인터지스","KOSPI","운송·창고","2395","-60","-2.44","71246158230"
"023810","인팩","KOSPI","운송장비·부품","5720","0","0.00","57200000000"
"249420","일동제약","KOSPI","제약","11020","-70","-0.63","309248761020"
"000230","일동홀딩스","KOSPI","제약","6300","-60","-0.94","72704520000"
"013360","일성건설","KOSPI","건설","3075","-225","-6.82","166126506000"
"003120","일성아이에스","KOSPI","제약","15230","-70","-0.46","202559000000"
"003200","일신방직","KOSPI","섬유·의류","8030","-70","-0.86","184368800000"
"007110","일신석재","KOSPI","유통","1958","-7","-0.36","151660042380"
"007570","일양약품","KOSPI","제약","10740","-260","-2.36","204980031360"
"007575","일양약품우","KOSPI","제약","11980","320","2.74","5332058400"
"008500","일정실업","KOSPI","섬유·의류","11110","170","1.55","13332000000"
"081000","일진다이아","KOSPI","화학","11560","-150","-1.28","164186391000"
"020760","일진디스플","KOSPI","전기·전자","817","-5","-0.61","42086726397"
"103590","일진전기","KOSPI","전기·전자","27600","-1000","-3.50","1316116764000"
"271940","일진하이솔루스","KOSPI","운송장비·부품","14370","-10","-0.07","521820540300"
"015860","일진홀딩스","KOSPI","기타금융","3630","-20","-0.55","179131363290"
"226320","잇츠한불","KOSPI","화학","11070","-110","-0.98","242757517050"
"317400","자이에스앤디","KOSPI","부동산","3200","-25","-0.78","124104064000"
"033240","자화전자","KOSPI","전기·전자","13340","-30","-0.22","295559305800"
"000950","전방","KOSPI","섬유·의류","19260","20","0.10","32356800000"
"079900","전진건설로봇","KOSPI","기계·장비","50100","-1400","-2.72","731086504500"
"348950","제이알글로벌리츠","KOSPI","부동산","2620","-60","-2.24","517125120000"
"194370","제이에스코퍼레이션","KOSPI","섬유·의류","17540","110","0.63","239940447100"
"025620","제이준코스메틱","KOSPI","화학","3400","-40","-1.16","15248476400"
"030000","제일기획","KOSPI","일반서비스","18030","30","0.17","2074193286750"
"271980","제일약품","KOSPI","제약","11440","-260","-2.22","168223735680"
"001560","제일연마","KOSPI","비금속","8720","-170","-1.91","86328000000"
"002620","제일파마홀딩스","KOSPI","일반서비스","7600","-60","-0.78","121397498000"
"006220","제주은행","KOSPI","은행","7800","50","0.65","250604437200"
"089590","제주항공","KOSPI","운송·창고","7050","0","0.00","568518944250"
"004910","조광페인트","KOSPI","화학","5750","-120","-2.04","73600000000"
"004700","조광피혁","KOSPI","섬유·의류","52200","400","0.77","347085003600"
"001550","조비","KOSPI","화학","10420","-50","-0.48","54103130380"
"462520","조선내화","KOSPI","비금속","14150","-80","-0.56","167750627200"
"120030","조선선재","KOSPI","금속","99300","400","0.40","124884744300"
"018470","조일알미늄","KOSPI","금속","1610","-6","-0.37","203877070810"
"002600","조흥","KOSPI","음식료·담배","164500","-300","-0.18","98700000000"
"185750","종근당","KOSPI","제약","80200","-500","-0.62","1106982956000"
"063160","종근당바이오","KOSPI","제약","20600","50","0.24","113010817200"
"001630","종근당홀딩스","KOSPI","제약","43200","-600","-1.37","216425995200"
"109070","주성코퍼레이션","KOSPI","전기·전자","4100","0","0.00","216521943000"
"044380","주연테크","KOSPI","전기·전자","327","-5","-1.51","21714059604"
"013890","지누스","KOSPI","기타제조","19140","-250","-1.29","425952584640"
"013870","지엠비코리아","KOSPI","운송장비·부품","3840","55","1.45","73237555200"
"071320","지역난방공사","KOSPI","전기·가스","50400","200","0.40","583568697600"
"088790","진도","KOSPI","유통","1805","-2","-0.11","22468177920"
"003780","진양산업","KOSPI","화학","7420","0","0.00","96460000000"
"010640","진양폴리","KOSPI","화학","5760","130","2.31","57600000000"
"100250","진양홀딩스","KOSPI","화학","3010","-15","-0.50","168244828920"
"051630","진양화학","KOSPI","화학","3550","-30","-0.84","75260000000"
"272450","진에어","KOSPI","운송·창고","9560","10","0.10","499032000000"
"011000","진원생명과학","KOSPI","제약","2070","-35","-1.66","165680802450"
"002780","진흥기업","KOSPI","건설","754","-4","-0.53","109685695730"
"002787","진흥기업2우B","KOSPI","건설","9600","-80","-0.83","2830156800"
"002785","진흥기업우B","KOSPI","건설","3130","0","0.00","2683092340"
"009310","참엔지니어링","KOSPI","기계·장비","293","-5","-1.68","24866153767"
"000650","천일고속","KOSPI","운송·창고","38300","-250","-0.65","54739126000"
"012600","청호ICT","KOSPI","기계·장비","2490","0","0.00","116119947330"
"033250","체시스","KOSPI","운송장비·부품","1100","-33","-2.91","35200000000"
"035720","카카오","KOSPI","IT 서비스","43600","950","2.23","19346236995200"
"323410","카카오뱅크","KOSPI","은행","22950","-100","-0.43","10946602344150"
"377300","카카오페이","KOSPI","기타금융","32050","50","0.16","4316081228050"
"006380","카프로","KOSPI","화학","3660","0","0.00","618539985360"
"001620","케이비아이동국실업","KOSPI","운송장비·부품","491","2","0.41","54644878221"
"029460","케이씨","KOSPI","의료·정밀기기","18360","-210","-1.13","242925988680"
"281820","케이씨텍","KOSPI","의료·정밀기기","36750","-1100","-2.91","760369370250"
"381970","케이카","KOSPI","유통","13330","60","0.45","642267033090"
"145270","케이탑리츠","KOSPI","부동산","979","-4","-0.41","47051497746"
"417310","코람코더원리츠","KOSPI","부동산","4950","10","0.20","199980000000"
"357120","코람코라이프인프라리츠","KOSPI","부동산","4500","5","0.11","438009093000"
"007815","코리아써우","KOSPI","전기·전자","5970","50","0.84","17699199300"
"007810","코리아써키트","KOSPI","전기·전자","12430","180","1.47","293605934930"
"00781K","코리아써키트2우B","KOSPI","전기·전자","5400","-100","-1.82","4231974600"
"003690","코리안리","KOSPI","보험","8110","10","0.12","1579998561410"
"192820","코스맥스","KOSPI","화학","180500","-100","-0.06","2048586374500"
"044820","코스맥스비티아이","KOSPI","기타금융","10190","140","1.39","97863954990"
"005070","코스모신소재","KOSPI","화학","48050","-1200","-2.44","1562141825800"
"005420","코스모화학","KOSPI","화학","18290","-610","-3.23","702486490120"
"071950","코아스","KOSPI","기타제조","9500","-170","-1.76","31261840000"
"002020","코오롱","KOSPI","기타금융","25800","750","2.99","325761790800"
"138490","코오롱ENP","KOSPI","화학","5980","-40","-0.66","227240000000"
"003070","코오롱글로벌","KOSPI","건설","8790","20","0.23","166418547270"
"003075","코오롱글로벌우","KOSPI","건설","15190","-280","-1.81","11251795030"
"450140","코오롱모빌리티그룹","KOSPI","유통","3120","-125","-3.85","195865020000"
"45014K","코오롱모빌리티그룹우","KOSPI","유통","5030","0","0.00","12354283600"
"002025","코오롱우","KOSPI","기타금융","15390","250","1.65","16565642100"
"120110","코오롱인더","KOSPI","화학","31200","-250","-0.79","858595639200"
"120115","코오롱인더우","KOSPI","화학","19440","-60","-0.31","53807198400"
"021240","코웨이","KOSPI","일반서비스","87200","200","0.23","6327558564000"
"036420","콘텐트리중앙","KOSPI","오락·문화","8600","280","3.37","165655848800"
"024720","콜마홀딩스","KOSPI","기타금융","9210","-290","-3.05","315868545390"
"031820","콤텍시스템","KOSPI","IT 서비스","596","1","0.17","72146673736"
"192400","쿠쿠홀딩스","KOSPI","기타금융","22100","0","0.00","785924288500"
"284740","쿠쿠홈시스","KOSPI","일반서비스","21350","0","0.00","479036995500"
"264900","크라운제과","KOSPI","음식료·담배","8200","20","0.24","102695570000"
"26490K","크라운제과우","KOSPI","음식료·담배","9320","20","0.22","7209579200"
"005740","크라운해태홀딩스","KOSPI","기타금융","5390","-60","-1.10","80027200330"
"005745","크라운해태홀딩스우","KOSPI","기타금융","7680","0","0.00","4613575680"
"259960","크래프톤","KOSPI","IT 서비스","325000","-3500","-1.07","15570197175000"
"020120","키다리스튜디오","KOSPI","IT 서비스","3315","-35","-1.04","122866384290"
"039490","키움증권","KOSPI","증권","132400","3000","2.32","3379735874400"
"014580","태경비케이","KOSPI","비금속","4415","-40","-0.90","121779386500"
"015890","태경산업","KOSPI","화학","4825","-55","-1.13","141028718750"
"006890","태경케미컬","KOSPI","화학","11750","-40","-0.34","136300000000"
"003240","태광산업","KOSPI","화학","753000","8000","1.07","838390200000"
"011280","태림포장","KOSPI","종이·목재","2035","-20","-0.97","144090087900"
"004100","태양금속","KOSPI","운송장비·부품","2610","-80","-2.97","95787000000"
"004105","태양금속우","KOSPI","운송장비·부품","4240","-110","-2.53","13992000000"
"009410","태영건설","KOSPI","건설","3215","-25","-0.77","945446488970"
"009415","태영건설우","KOSPI","건설","7090","10","0.14","4608315660"
"001420","태원물산","KOSPI","운송장비·부품","3300","-40","-1.20","25080000000"
"055490","테이팩스","KOSPI","화학","13990","-70","-0.50","66727403500"
"078000","텔코웨어","KOSPI","IT 서비스","8800","-190","-2.11","81312677600"
"214420","토니모리","KOSPI","화학","9100","60","0.66","218898670900"
"019180","티에이치엔","KOSPI","전기·전자","3110","-10","-0.32","55980000000"
"363280","티와이홀딩스","KOSPI","기타금융","2275","-210","-8.45","114726584700"
"36328K","티와이홀딩스우","KOSPI","기타금융","3820","-375","-8.94","4748313480"
"091810","티웨이항공","KOSPI","운송·창고","2305","-10","-0.43","496448539680"
"004870","티웨이홀딩스","KOSPI","비금속","697","-2","-0.29","78874955318"
"034230","파라다이스","KOSPI","오락·문화","10790","240","2.27","990215812170"
"005690","파미셀","KOSPI","제약","11430","-190","-1.64","685993898520"
"036580","팜스코","KOSPI","음식료·담배","2130","-30","-1.39","78230518590"
"004720","팜젠사이언스","KOSPI","제약","4090","-45","-1.09","74443333360"
"028670","팬오션","KOSPI","운송·창고","3585","65","1.85","1916431700520"
"010820","퍼스텍","KOSPI","금속","3610","-55","-1.50","176066696180"
"016800","퍼시스","KOSPI","기타제조","42600","-150","-0.35","489900000000"
"001020","페이퍼코리아","KOSPI","종이·목재","708","13","1.87","126012185604"
"090080","평화산업","KOSPI","운송장비·부품","1118","-21","-1.84","61380725562"
"010770","평화홀딩스","KOSPI","운송장비·부품","6070","-280","-4.41","88776578620"
"022100","포스코DX","KOSPI","일반서비스","27600","200","0.73","4196158520400"
"058430","포스코스틸리온","KOSPI","금속","45700","-1800","-3.79","274200000000"
"047050","포스코인터내셔널","KOSPI","유통","59000","3200","5.73","10379444492000"
"003670","포스코퓨처엠","KOSPI","전기·전자","137700","-5800","-4.04","10666685394000"
"017810","풀무원","KOSPI","음식료·담배","16450","-60","-0.36","627082915900"
"103140","풍산","KOSPI","금속","65100","-2200","-3.27","1824380497800"
"005810","풍산홀딩스","KOSPI","기타금융","28750","150","0.52","414497145000"
"950210","프레스티지바이오파마","KOSPI","일반서비스","11800","-780","-6.20","709134629000"
"009810","플레이그램","KOSPI","유통","319","6","1.92","48452112500"
"086790","하나금융지주","KOSPI","기타금융","62200","0","0.00","17866382736000"
"293480","하나제약","KOSPI","제약","10580","-20","-0.19","188037768680"
"039130","하나투어","KOSPI","일반서비스","54000","300","0.56","866115990000"
"352820","하이브","KOSPI","오락·문화","232000","3000","1.31","9663286504000"
"071090","하이스틸","KOSPI","금속","4600","395","9.39","92880766600"
"000080","하이트진로","KOSPI","음식료·담배","19740","250","1.28","1384437481140"
"000087","하이트진로2우B","KOSPI","음식료·담배","15200","10","0.07","17178097600"
"000140","하이트진로홀딩스","KOSPI","기타금융","8660","20","0.23","200970584900"
"000145","하이트진로홀딩스우","KOSPI","기타금융","10160","0","0.00","4783429600"
"152550","한국ANKOR유전","KOSPI","기타금융","280","-2","-0.71","19605600000"
"036460","한국가스공사","KOSPI","전기·가스","37550","1150","3.16","3466353150000"
"005430","한국공항","KOSPI","운송·창고","50700","100","0.20","160534198500"
"071050","한국금융지주","KOSPI","기타금융","76300","-300","-0.39","4251893189600"
"071055","한국금융지주우","KOSPI","기타금융","56400","-400","-0.70","330405356400"
"010040","한국내화","KOSPI","비금속","2175","-40","-1.81","89320859850"
"025540","한국단자","KOSPI","전기·전자","69300","-1100","-1.56","721759500000"
"010100","한국무브넥스","KOSPI","운송장비·부품","4500","-70","-1.53","137026890000"
"004090","한국석유","KOSPI","비금속","12830","30","0.23","162865559600"
"002200","한국수출포장","KOSPI","종이·목재","2735","-15","-0.55","109400000000"
"002960","한국쉘석유","KOSPI","화학","316500","6000","1.93","411450000000"
"000240","한국앤컴퍼니","KOSPI","기타금융","16110","-140","-0.86","1529406716400"
"123890","한국자산신탁","KOSPI","기타금융","2480","-5","-0.20","307464824960"
"015760","한국전력","KOSPI","전기·가스","22100","100","0.45","14187406101700"
"006200","한국전자홀딩스","KOSPI","기타금융","705","-2","-0.28","32996210880"
"027970","한국제지","KOSPI","종이·목재","802","1","0.12","152522946074"
"023350","한국종합기술","KOSPI","일반서비스","5080","-50","-0.97","55626000000"
"025890","한국주강","KOSPI","기계·장비","1734","-13","-0.74","19610255106"
"000970","한국주철관","KOSPI","금속","6220","-70","-1.11","141819110000"
"104700","한국철강","KOSPI","금속","8060","-90","-1.10","293787000000"
"017960","한국카본","KOSPI","금속","14950","130","0.88","776031357400"
"161890","한국콜마","KOSPI","화학","66100","300","0.46","1560295589700"
"161390","한국타이어앤테크놀로지","KOSPI","화학","41700","300","0.72","5165590377300"
"034830","한국토지신탁","KOSPI","기타금융","992","-8","-0.80","250469316160"
"007280","한국특강","KOSPI","금속","1733","-12","-0.69","105389467963"
"168490","한국패러랠","KOSPI","기타금융","102","-1","-0.97","8162040000"
"047810","한국항공우주","KOSPI","운송장비·부품","84700","-1200","-1.40","8256141562900"
"123690","한국화장품","KOSPI","유통","6830","170","2.55","109744440000"
"003350","한국화장품제조","KOSPI","화학","50500","400","0.80","228866000000"
"011500","한농화성","KOSPI","화학","16580","-810","-4.66","259262156360"
"002390","한독","KOSPI","제약","11290","40","0.36","155390287570"
"053690","한미글로벌","KOSPI","일반서비스","16130","-270","-1.65","176745281500"
"042700","한미반도체","KOSPI","기계·장비","90300","-100","-0.11","8724267587700"
"008930","한미사이언스","KOSPI","기타금융","28400","200","0.71","1942320020000"
"128940","한미약품","KOSPI","제약","241500","-500","-0.21","3093854326500"
"009240","한샘","KOSPI","유통","43250","-250","-0.57","1017842386000"
"020000","한섬","KOSPI","섬유·의류","15800","30","0.19","354516402600"
"003680","한성기업","KOSPI","음식료·담배","4835","-50","-1.02","30023005025"
"105630","한세실업","KOSPI","섬유·의류","12070","-40","-0.33","482800000000"
"069640","한세엠케이","KOSPI","유통","1138","-2","-0.18","34261199276"
"016450","한세예스24홀딩스","KOSPI","섬유·의류","4080","-10","-0.24","163200000000"
"010420","한솔PNS","KOSPI","유통","1202","9","0.75","24632600424"
"009180","한솔로지스틱스","KOSPI","운송·창고","2315","10","0.43","65180734875"
"213500","한솔제지","KOSPI","종이·목재","8610","-50","-0.58","204922959360"
"014680","한솔케미칼","KOSPI","화학","133900","-100","-0.07","1517782610500"
"004710","한솔테크닉스","KOSPI","전기·전자","4215","-20","-0.47","135343135770"
"004150","한솔홀딩스","KOSPI","기타금융","2510","40","1.62","102976816200"
"025750","한솔홈데코","KOSPI","종이·목재","838","16","1.95","67513594862"
"004960","한신공영","KOSPI","건설","6280","-10","-0.16","72664008560"
"011700","한신기계","KOSPI","기계·장비","3015","35","1.17","97825145265"
"001750","한양증권","KOSPI","증권","12110","-130","-1.06","154142546740"
"001755","한양증권우","KOSPI","증권","12800","0","0.00","6720000000"
"018880","한온시스템","KOSPI","기계·장비","3995","40","1.01","2711656395240"
"009420","한올바이오파마","KOSPI","제약","28550","-850","-2.89","1491470214900"
"014130","한익스프레스","KOSPI","운송·창고","3350","-55","-1.62","40200000000"
"300720","한일시멘트","KOSPI","비금속","16940","140","0.83","1173290487600"
"002220","한일철강","KOSPI","금속","1865","-15","-0.80","49790762900"
"006390","한일현대시멘트","KOSPI","비금속","14370","-20","-0.14","277738646640"
"003300","한일홀딩스","KOSPI","비금속","14000","-60","-0.43","431660376000"
"051600","한전KPS","KOSPI","건설","43150","600","1.41","1941750000000"
"052690","한전기술","KOSPI","일반서비스","61300","300","0.49","2342886000000"
"130660","한전산업","KOSPI","일반서비스","10660","370","3.60","347516000000"
"002320","한진","KOSPI","운송·창고","19720","220","1.13","294767224160"
"003480","한진중공업홀딩스","KOSPI","전기·가스","3545","0","0.00","104683183540"
"180640","한진칼","KOSPI","기타금융","80700","-3100","-3.70","5387715915300"
"18064K","한진칼우","KOSPI","기타금융","23300","-150","-0.64","12506647800"
"005110","한창","KOSPI","유통","1254","0","0.00","23332434378"
"009460","한창제지","KOSPI","종이·목재","689","-7","-1.01","41110897854"
"372910","한컴라이프케어","KOSPI","의료·정밀기기","3305","-30","-0.90","91463911830"
"000880","한화","KOSPI","화학","41550","-5950","-12.53","3114535439250"
"00088K","한화3우B","KOSPI","화학","17630","-1870","-9.59","342100294830"
"452260","한화갤러리아","KOSPI","유통","1195","-42","-3.40","231662233950"
"45226K","한화갤러리아우","KOSPI","유통","2400","0","0.00","6970728000"
"451800","한화리츠","KOSPI","부동산","3855","45","1.18","692358000000"
"489790","한화비전","KOSPI","기타금융","53700","-2400","-4.28","2711226543000"
"088350","한화생명","KOSPI","보험","2600","-75","-2.80","2258178000000"
"000370","한화손해보험","KOSPI","보험","4100","-85","-2.03","478629551500"
"009830","한화솔루션","KOSPI","화학","19880","-1220","-5.78","3417223615680"
"009835","한화솔루션우","KOSPI","화학","18260","-440","-2.35","47025872740"
"272210","한화시스템","KOSPI","전기·전자","36400","-2400","-6.19","6876665759600"
"012450","한화에어로스페이스","KOSPI","운송장비·부품","628000","-94000","-13.02","28624969108000"
"082740","한화엔진","KOSPI","기계·장비","24450","250","1.03","2040282621900"
"042660","한화오션","KOSPI","운송장비·부품","73100","-1700","-2.27","22398819101400"
"000885","한화우","KOSPI","화학","40250","-350","-0.86","8011078250"
"003530","한화투자증권","KOSPI","증권","3450","-40","-1.15","740189823750"
"003535","한화투자증권우","KOSPI","증권","5870","-60","-1.01","28176000000"
"195870","해성디에스","KOSPI","전기·전자","30050","200","0.67","510850000000"
"101530","해태제과식품","KOSPI","음식료·담배","6450","-40","-0.62","187803501900"
"143210","핸즈코퍼레이션","KOSPI","운송장비·부품","1797","-17","-0.94","39310717359"
"000720","현대건설","KOSPI","건설","34200","250","0.74","3808367163000"
"000725","현대건설우","KOSPI","건설","49050","-150","-0.30","51732691650"
"453340","현대그린푸드","KOSPI","유통","14320","-60","-0.42","474500932800"
"086280","현대글로비스","KOSPI","운송·창고","124600","3900","3.23","9345000000000"
"064350","현대로템","KOSPI","운송장비·부품","111500","3000","2.76","12169365669500"
"079430","현대리바트","KOSPI","기타제조","7230","10","0.14","148470088860"
"012330","현대모비스","KOSPI","운송장비·부품","266500","-4000","-1.48","24783192551000"
"069960","현대백화점","KOSPI","유통","58100","1200","2.11","1314734035300"
"004560","현대비앤지스틸","KOSPI","금속","12860","-70","-0.54","193913509460"
"004310","현대약품","KOSPI","제약","3230","0","0.00","103360000000"
"017800","현대엘리베이","KOSPI","기계·장비","54400","200","0.37","2126625744000"
"307950","현대오토에버","KOSPI","IT 서비스","131900","300","0.23","3617223225800"
"011210","현대위아","KOSPI","운송장비·부품","45850","-1200","-2.55","1246894555550"
"004020","현대제철","KOSPI","금속","28800","-500","-1.71","3843238608000"
"005440","현대지에프홀딩스","KOSPI","기타금융","5330","40","0.76","830969924330"
"005380","현대차","KOSPI","운송장비·부품","205000","2500","1.23","42930319155000"
"005387","현대차2우B","KOSPI","운송장비·부품","153500","-600","-0.39","5489066518500"
"005389","현대차3우B","KOSPI","운송장비·부품","150300","-400","-0.27","357774721200"
"005385","현대차우","KOSPI","운송장비·부품","150400","-900","-0.59","3590346995200"
"001500","현대차증권","KOSPI","증권","5760","-30","-0.52","356158333440"
"011760","현대코퍼레이션","KOSPI","유통","23300","-450","-1.89","308234907800"
"227840","현대코퍼레이션홀딩스","KOSPI","유통","10400","-10","-0.10","94648694400"
"126560","현대퓨처넷","KOSPI","통신","3040","-100","-3.18","335016952800"
"001450","현대해상","KOSPI","보험","22950","-100","-0.43","2051730000000"
"057050","현대홈쇼핑","KOSPI","유통","51100","600","1.19","613200000000"
"093240","형지엘리트","KOSPI","섬유·의류","1900","-185","-8.87","72314359100"
"003010","혜인","KOSPI","유통","4960","-40","-0.80","63055225120"
"111110","호전실업","KOSPI","섬유·의류","8020","120","1.52","78194871680"
"008770","호텔신라","KOSPI","유통","40150","1200","3.08","1575812058150"
"008775","호텔신라우","KOSPI","유통","33850","1300","3.99","25451104150"
"378850","화승알앤에이","KOSPI","운송장비·부품","3145","5","0.16","59734944335"
"241590","화승엔터프라이즈","KOSPI","섬유·의류","8800","80","0.92","533185628800"
"006060","화승인더","KOSPI","화학","5140","10","0.19","284344800000"
"013520","화승코퍼레이션","KOSPI","운송장비·부품","1749","-4","-0.23","87539639748"
"010690","화신","KOSPI","운송장비·부품","7750","-50","-0.64","270633177500"
"133820","화인베스틸","KOSPI","금속","1004","-25","-2.43","30949422472"
"010660","화천기계","KOSPI","기계·장비","3030","-25","-0.82","66660000000"
"000850","화천기공","KOSPI","기계·장비","27250","-650","-2.33","59950000000"
"016580","환인제약","KOSPI","제약","11480","-60","-0.52","213528803600"
"032560","황금에스티","KOSPI","금속","5120","-50","-0.97","87040000000"
"004800","효성","KOSPI","기타금융","47900","-750","-1.54","801865495300"
"094280","효성ITX","KOSPI","일반서비스","11820","-40","-0.34","136617924000"
"298040","효성중공업","KOSPI","전기·전자","451000","-12000","-2.59","4205371148000"
"298020","효성티앤씨","KOSPI","화학","234000","3000","1.30","1012677588000"
"298000","효성화학","KOSPI","화학","38900","0","0.00","147501447900"
"093370","후성","KOSPI","화학","5080","-20","-0.39","544857076400"
"081660","휠라홀딩스","KOSPI","유통","39400","-100","-0.25","2367776056600"
"005870","휴니드","KOSPI","전기·전자","8340","-130","-1.53","117727565100"
"079980","휴비스","KOSPI","화학","2720","-10","-0.37","93840000000"
"005010","휴스틸","KOSPI","금속","6000","-50","-0.83","337128450000"
"000540","흥국화재","KOSPI","보험","3230","-80","-2.42","207503743350"
"000545","흥국화재우","KOSPI","보험","5160","-40","-0.77","3962880000"
"003280","흥아해운","KOSPI","운송·창고","1627","-14","-0.85","391171310673"